{"Accuracy": 0.7564356435643564, "Precision": 0.8044444444444444, "Recall": 0.9118387909319899, "F1-score": 0.8547815820543092}