{"Accuracy": 0.9772727272727273, "Precision": 1.0, "Recall": 0.9545454545454546, "F1-score": 0.9767441860465117}