{"Accuracy": 0.998019801980198, "Precision": 0.9974874371859297, "Recall": 1.0, "F1-score": 0.9987421383647799}